bloodsugar,age,DepricationIndex,bloodpressure
3,204.00941,1463,3886
9,394.6387,511,3728
6,745.19464,8757,9983
2,237.8158,9715,1463
2,127.81137,8602,4785
2,458.22644,4905,510
6,936.6395,5082,4917
0,610.70557,678,5551
